{"cameraMode":{"drawMode":0,"name":"Shaded","section":"Shading Mode"},"sceneLighting":false,"audioPlay":false,"sceneViewState":{"showFog":false,"showMaterialUpdate":false,"showSkybox":false,"showFlares":false,"showImageEffects":false,"showParticleSystems":false},"in2DMode":false,"pivot":{"x":-2.774738311767578,"y":-1.1544781923294068,"z":-1.4023281335830689},"rotation":{"x":0.13177534937858582,"y":-0.7962893843650818,"z":0.18762323260307313,"w":0.559959352016449},"size":6.629528045654297,"orthographic":false}