{"cameraMode":{"drawMode":0,"name":"Shaded","section":"Shading Mode"},"sceneLighting":false,"audioPlay":false,"sceneViewState":{"showFog":false,"showMaterialUpdate":false,"showSkybox":false,"showFlares":false,"showImageEffects":false,"showParticleSystems":false},"in2DMode":false,"pivot":{"x":-0.48637914657592776,"y":0.8775910139083862,"z":1.145200490951538},"rotation":{"x":0.04437544196844101,"y":0.6566962599754334,"z":-0.038553182035684589,"w":0.7520278096199036},"size":2.4758896827697756,"orthographic":false}